{"_runtime":325.302824,"_step":300,"_wandb":{"runtime":325},"loss":0.08916167914867401,"_timestamp":1.746712695258511e+09}