{"loss":0.04500236362218857,"_timestamp":1.746640590845565e+09,"_runtime":273.7535352,"_wandb":{"runtime":273},"_step":300}