{"_timestamp":1.7467265422986932e+09,"_runtime":783.035586,"_step":300,"_wandb":{"runtime":783},"loss":0.032037679105997086}