{"_wandb":{"runtime":480},"_runtime":479.981461,"_step":300,"loss":0.23216786980628967,"_timestamp":1.74792755774122e+09}