{"_wandb":{"runtime":275},"_step":300,"loss":0.06181883066892624,"_timestamp":1.746708978336957e+09,"_runtime":275.778263}