{"_timestamp":1.746691084151645e+09,"_runtime":351.075542,"_step":300,"_wandb":{"runtime":351},"loss":0.05762000381946564}