{"_runtime":1128.802354,"_step":300,"_wandb":{"runtime":1128},"loss":0.11666347831487656,"_timestamp":1.747854511867351e+09}