{"loss":0.08344317972660065,"_timestamp":1.747852266008924e+09,"_runtime":443.070627,"_step":300,"_wandb":{"runtime":443}}