{"_runtime":1068.89054,"_step":300,"_wandb":{"runtime":1068},"loss":0.06256456673145294,"_timestamp":1.747843638746148e+09}