{"_timestamp":1.746718246838058e+09,"_runtime":613.548292,"_step":300,"_wandb":{"runtime":613},"loss":0.18187910318374634}