{"loss":0.041736260056495667,"_timestamp":1.7472470812564921e+09,"_runtime":443.282941,"_step":300,"_wandb":{"runtime":443}}