{"loss":0.076850026845932,"_timestamp":1.746714323980592e+09,"_runtime":1621.571983,"_step":300,"_wandb":{"runtime":1621}}