{"_timestamp":1.7466297732133563e+09,"_runtime":441.9510969,"_step":300,"_wandb":{"runtime":442},"loss":0.03659012168645859}