{"_wandb":{"runtime":361},"loss":0.06327757239341736,"_timestamp":1.7466876925060768e+09,"_runtime":361.638849,"_step":300}