{"_runtime":357.313073,"_wandb":{"runtime":357},"_step":300,"loss":0.07155480980873108,"_timestamp":1.7466930157750819e+09}