{"_wandb":{"runtime":419},"_step":300,"loss":0.08915397524833679,"_timestamp":1.7472374590943239e+09,"_runtime":419.166281}