{"_step":300,"_wandb":{"runtime":494},"loss":0.06111805886030197,"_timestamp":1.7479388652565958e+09,"_runtime":494.299071}