{"_timestamp":1.746712628204258e+09,"_runtime":551.322838,"_step":300,"_wandb":{"runtime":551},"loss":0.0722508653998375}