{"_wandb":{"runtime":430},"loss":0.041736260056495667,"_timestamp":1.747300981570876e+09,"_runtime":430.613859,"_step":300}