,mu,ci
0,8.807198160762589,6.250064250537942
1,4.020307263483604,3.644491769226123
2,2.234828111901879,2.142932212157869
3,1.4169581489016612,1.2514603307981176
4,1.0187171140685678,0.8340270067408451
5,0.8077150668017566,0.6400128613153201
6,0.6816375554228823,0.5384168495885571
7,0.5958685510170957,0.4766747961446608
8,0.5339283129821221,0.4344573546529284
9,0.48696087940285604,0.4030543387080601
10,0.44779842666660746,0.3757612230186564
