,mu,ci
0,21.609670430541037,0.9956398525732264
1,14.16534015383199,0.6163783923620897
2,11.00081223070994,0.5055425214191405
3,9.631918454598635,0.4665800434095294
4,9.023029637634755,0.45205032515348637
5,8.745625361476094,0.44595919490978625
6,8.614323261208833,0.4428006023756964
7,8.539542310168967,0.44010834579848596
8,8.49282884841226,0.43767903863557267
9,8.460250676186755,0.4361762194498888
10,8.438486842449754,0.4353224160239027
