,mu,ci
0,12.653660148382187,4.552071211405245
1,5.4644497389594715,1.8906453646224917
2,2.7310111733774343,0.9456760314698827
3,1.6547476491580406,0.5736768455782194
4,1.1444857670615116,0.40515515769035093
5,0.8724081486463546,0.32117839721788843
6,0.714374644930164,0.2722803735472899
7,0.6168392772475878,0.239905109881948
8,0.5544239275157452,0.21697848369743553
9,0.514397601907452,0.20119111332159278
10,0.48652412022153535,0.18729321699042786
