,mu,ci
0,4.502514119415234,2.1462685029232387
1,1.9008606928866356,0.7860742893319522
2,1.0766231501319756,0.3693720819811723
3,0.7856205420723806,0.2651083234970141
4,0.6559815180022269,0.23061672405658123
5,0.5812342105588565,0.21147854390879509
6,0.5297101044096053,0.19773884260010174
7,0.4910889712317536,0.18623874848973493
8,0.46044444570628307,0.17629462088075812
9,0.4340443736563126,0.16723678775715373
10,0.41139343311078846,0.1591749181262016
