,mu,ci
0,2.2959644701741637,0.15981595292889414
1,0.8992894618306309,0.07106233482826092
2,0.5191661226991564,0.04098353356520489
3,0.3578378076022491,0.02667259314068676
4,0.2788670495906845,0.01851847375507235
5,0.2371443198528141,0.013579458378067047
6,0.21389051673933865,0.010506057363053848
7,0.2002750238198787,0.008550092631013294
8,0.1920667389961891,0.007344455016291076
9,0.18688944444200023,0.006569884429509954
10,0.18360466365795583,0.0060988716329749655
