{"_step":300,"loss":0.03588760271668434,"_wandb":{"runtime":472},"_timestamp":1.7478420930861828e+09,"_runtime":472.497885}