{"_wandb":{"runtime":693},"loss":0.5933752655982971,"_timestamp":1.747851486403415e+09,"_runtime":693.352772,"_step":300}