{"_step":300,"loss":0.03919031471014023,"_wandb":{"runtime":325},"_timestamp":1.746689215292084e+09,"_runtime":325.799384}