{"_runtime":596.8559754,"_step":300,"_wandb":{"runtime":596},"loss":0.020804503932595253,"_timestamp":1.7466354466242828e+09}