{"_timestamp":1.746711193105173e+09,"_runtime":343.823452,"_step":300,"_wandb":{"runtime":343},"loss":0.05144178122282028}