{"_step":300,"_wandb":{"runtime":430},"loss":0.06582966446876526,"_timestamp":1.7467116312350469e+09,"_runtime":430.606972}