{"_wandb":{"runtime":992},"loss":0.129145547747612,"_timestamp":1.746700219691574e+09,"_runtime":992.524583,"_step":300}