{"_runtime":415.877931,"_step":300,"_wandb":{"runtime":415},"loss":0.13004222512245178,"_timestamp":1.746709824849618e+09}