{"_wandb":{"runtime":590},"loss":0.04014512896537781,"_timestamp":1.746726216658973e+09,"_runtime":589.849272,"_step":300}