{"_step":300,"_wandb":{"runtime":423},"loss":0.12466808408498764,"_timestamp":1.7478507033169222e+09,"_runtime":423.620628}