{"loss":0.1741325557231903,"_timestamp":1.7467015879682581e+09,"_runtime":263.262872,"_step":300,"_wandb":{"runtime":263}}