{"_runtime":808.247737,"_step":300,"_wandb":{"runtime":808},"loss":0.06418206542730331,"_timestamp":1.746717550629709e+09}