{"_wandb":{"runtime":2942},"loss":0.05907042324542999,"_timestamp":1.746715797268123e+09,"_runtime":2942.366174,"_step":300}