{"_step":300,"loss":0.05865047127008438,"_timestamp":1.7467268154726331e+09,"_runtime":588.950948,"_wandb":{"runtime":589}}