{"_step":300,"_wandb":{"runtime":372},"loss":0.16231399774551392,"_timestamp":1.747911181780156e+09,"_runtime":372.211985}