{"loss":0.23216786980628967,"_timestamp":1.7479075976385548e+09,"_runtime":419.516719,"_step":300,"_wandb":{"runtime":419}}