{"_wandb":{"runtime":374},"loss":0.21377898752689362,"_timestamp":1.747905457314657e+09,"_runtime":374.666839,"_step":300}