{"loss":0.18012836575508118,"_wandb":{"runtime":403},"_timestamp":1.747906133175186e+09,"_runtime":403.143322,"_step":300}