{"_runtime":398.532581,"_step":300,"_wandb":{"runtime":398},"loss":0.07408127188682556,"_timestamp":1.747238675880563e+09}