{"_wandb":{"runtime":444},"loss":0.09191901981830597,"_timestamp":1.7478443795856209e+09,"_runtime":444.07907,"_step":300}