{"_runtime":521.134308,"_step":300,"_wandb":{"runtime":521},"loss":0.06350933015346527,"_timestamp":1.747939794108172e+09}