{"_timestamp":1.746690533165866e+09,"_runtime":342.324122,"_step":300,"_wandb":{"runtime":342},"loss":0.11137296259403229}