{"_runtime":522.506668,"_step":300,"_wandb":{"runtime":522},"loss":0.07096737623214722,"_timestamp":1.746708546068429e+09}