{"_wandb":{"runtime":472},"loss":0.033638473600149155,"_timestamp":1.7479412953742342e+09,"_runtime":472.855679,"_step":300}