{"loss":0.04098663106560707,"_timestamp":1.746690135625948e+09,"_runtime":333.325405,"_step":300,"_wandb":{"runtime":333}}