{"_runtime":15509.468089,"_step":300,"_wandb":{"runtime":15509},"loss":0.08625520020723343,"_timestamp":1.747926811988821e+09}