{"_step":300,"_wandb":{"runtime":353},"loss":0.06541947275400162,"_timestamp":1.746692036548843e+09,"_runtime":353.417162}