{"_wandb":{"runtime":520},"loss":0.23216786980628967,"_timestamp":1.7478501848679628e+09,"_runtime":520.297159,"_step":300}