{"_step":300,"_wandb":{"runtime":5267},"loss":0.11936429888010025,"_timestamp":1.746702319811291e+09,"_runtime":5267.208177}