{"_wandb":{"runtime":458},"_timestamp":1.7478528214802449e+09,"_runtime":458.293712,"_step":300,"loss":0.12125076353549957}