{"_wandb":{"runtime":388},"loss":0.06989824026823044,"_timestamp":1.74670819471774e+09,"_runtime":387.868548,"_step":300}