{"_runtime":318.1770807,"_step":300,"_wandb":{"runtime":318},"loss":0.04788774624466896,"_timestamp":1.7466253723430808e+09}