{"_wandb":{"runtime":278},"loss":0.19277282059192657,"_timestamp":1.746694009579394e+09,"_runtime":278.463833,"_step":300}