{"_step":300,"_wandb":{"runtime":395},"loss":0.036666374653577805,"_timestamp":1.746542140462744e+09,"_runtime":395.633226}