{"_step":300,"loss":0.054097436368465424,"_timestamp":1.746701322048945e+09,"_wandb":{"runtime":1100},"_runtime":1100.142118}