{"loss":0.06556609272956848,"_wandb":{"runtime":286},"_timestamp":1.746641691810375e+09,"_runtime":286.763557,"_step":300}