{"_runtime":410.213856,"_step":300,"loss":0.817529559135437,"_timestamp":1.7472408561497312e+09,"_wandb":{"runtime":410}}