{"loss":0.05667842552065849,"_timestamp":1.746710079450041e+09,"_runtime":252.551905,"_step":300,"_wandb":{"runtime":252}}