{"_step":300,"_wandb":{"runtime":650},"loss":0.04312180355191231,"_timestamp":1.746725697534861e+09,"_runtime":650.11583}