{"_timestamp":1.746707351130882e+09,"_wandb":{"runtime":359},"_runtime":359.683172,"_step":300,"loss":0.06324872374534607}