{"_step":300,"loss":0.39556849002838135,"_wandb":{"runtime":278},"_timestamp":1.7467119184102259e+09,"_runtime":278.534275}