{"_timestamp":1.7466323330250196e+09,"_runtime":579.0798365,"_step":300,"_wandb":{"runtime":579},"loss":0.07124088704586029}