{"_runtime":374.634804,"_step":300,"_wandb":{"runtime":374},"loss":0.10704738646745682,"_timestamp":1.74785332842015e+09}