{"_runtime":327.718426,"_step":300,"_wandb":{"runtime":327},"loss":0.08222084492444992,"_timestamp":1.74668974381856e+09}