{"_runtime":417.915413,"_step":300,"loss":0.7426327466964722,"_wandb":{"runtime":417},"_timestamp":1.7472380871866229e+09}