{"_step":300,"loss":0.04646250978112221,"_timestamp":1.746708700534844e+09,"_wandb":{"runtime":503},"_runtime":503.558128}