{"_timestamp":1.7466423419494312e+09,"_runtime":279.9125853,"_step":300,"loss":0.06352636963129044,"_wandb":{"runtime":279}}