{"_step":300,"_wandb":{"runtime":274},"loss":0.06828776001930237,"_timestamp":1.7466427830337105e+09,"_runtime":274.0047811}