{"_step":300,"_wandb":{"runtime":294},"loss":0.10974031686782837,"_timestamp":1.746699224545457e+09,"_runtime":294.35077}