{"_step":300,"loss":0.4628458023071289,"_timestamp":1.7467170464028e+09,"_runtime":395.497015,"_wandb":{"runtime":395}}