{"_wandb":{"runtime":457},"loss":0.06406334042549133,"_timestamp":1.746716560222922e+09,"_runtime":457.272964,"_step":300}