{"loss":0.43349573016166687,"_timestamp":1.7467123572897012e+09,"_runtime":432.058231,"_step":300,"_wandb":{"runtime":432}}