{"_wandb":{"runtime":265},"loss":0.06464820355176926,"_timestamp":1.746643180004526e+09,"_runtime":265.9683317,"_step":300}