{"_step":300,"loss":0.15264758467674255,"_timestamp":1.747236429930536e+09,"_wandb":{"runtime":399},"_runtime":398.742413}