{"_wandb":{"runtime":462},"loss":0.13263487815856934,"_timestamp":1.747321893216361e+09,"_runtime":462.174377,"_step":300}