{"_timestamp":1.747325082263304e+09,"_runtime":2142.90165,"_step":300,"_wandb":{"runtime":2142},"loss":0.14864873886108398}