{"_wandb":{"runtime":444},"_runtime":444.683444,"_step":300,"loss":0.10454186052083969,"_timestamp":1.747841380902009e+09}