{"loss":0.12326668947935104,"_timestamp":1.7466985218962839e+09,"_runtime":295.647784,"_wandb":{"runtime":295},"_step":300}