{"_wandb":{"runtime":276},"_step":300,"loss":0.05532711744308472,"_timestamp":1.746643585050194e+09,"_runtime":276.4684366}