{"_wandb":{"runtime":410},"loss":0.13263487815856934,"_timestamp":1.7472398040085728e+09,"_runtime":410.345239,"_step":300}