{"_step":300,"_wandb":{"runtime":278},"loss":0.1047782227396965,"_timestamp":1.746641201731318e+09,"_runtime":278.4117323}