{"_step":300,"loss":0.06023009493947029,"_wandb":{"runtime":362},"_timestamp":1.746520484458115e+09,"_runtime":362.110035}