{"_step":300,"loss":0.04474380984902382,"_wandb":{"runtime":311},"_timestamp":1.746631379722941e+09,"_runtime":310.9770128}