{"_runtime":405.213808,"_step":300,"_wandb":{"runtime":405},"loss":0.14864873886108398,"_timestamp":1.747240333185934e+09}