{"loss":0.060910578817129135,"_timestamp":1.746719306829453e+09,"_runtime":579.488237,"_step":300,"_wandb":{"runtime":579}}