{"_wandb":{"runtime":425},"_step":300,"loss":0.048176150768995285,"_timestamp":1.746709406246937e+09,"_runtime":425.767852}