{"_step":300,"loss":0.08082142472267151,"_timestamp":1.74663129534902e+09,"_runtime":284.070867,"_wandb":{"runtime":284}}