{"loss":0.14699870347976685,"_timestamp":1.746693668333229e+09,"_runtime":269.480572,"_wandb":{"runtime":269},"_step":300}