{"_wandb":{"runtime":268},"_step":300,"loss":0.29285958409309387,"_timestamp":1.7467166437071948e+09,"_runtime":267.933909}