{"_wandb":{"runtime":267},"_timestamp":1.746692534893812e+09,"_runtime":267.01262,"_step":300,"loss":0.09624332934617996}