{"_timestamp":1.7467077718425012e+09,"_runtime":330.599081,"_step":300,"loss":0.12790411710739136,"_wandb":{"runtime":330}}