{"_step":300,"loss":0.04239647090435028,"_timestamp":1.747840496784124e+09,"_wandb":{"runtime":373},"_runtime":373.646034}